{
    "player-9024279": {
        "id": "player-9024279",
        "x": 900.0078125,
        "y": 352.0078125
    },
    "player-3295339": {
        "id": "player-3295339",
        "x": 500.0078125,
        "y": 313.0078125
    },
    "player-6257276": {
        "id": "player-6257276",
        "x": 953.0078125,
        "y": 517.0078125
    },
    "player-2604082": {
        "id": "player-2604082",
        "x": 483.0078125,
        "y": 83.0078125
    },
    "player-579104": {
        "id": "player-579104",
        "x": 446.0078125,
        "y": 608.0078125
    },
    "player-9978922": {
        "id": "player-9978922",
        "x": 300,
        "y": 300
    },
    "player-7340856": {
        "id": "player-7340856",
        "x": 300,
        "y": 300
    },
    "player-8308098": {
        "id": "player-8308098",
        "x": 300,
        "y": 300
    }
}