{
    "player-9024279": {
        "id": "player-9024279",
        "x": 1112.0078125,
        "y": 185.0078125
    },
    "player-3295339": {
        "id": "player-3295339",
        "x": 572.0078125,
        "y": 352.0078125
    }
}